A_cpu_max,A_threads_max,B_cpu_max,B_threads_max,amplification,campaign,catalog_ok_pct,catalog_p95,cb_open_pct,dropped,order_ok_pct,order_p50,order_p95,order_p99,order_requests,rate,reasons,run,status
0.77,4.0,0.66,4.0,1.0,pilote_p2_r100,100,1,0.0,0,100,52,54,70,3001,100,OK:3001,C0_S0_r1,ok
0.7,29.0,0.72,5.0,1.0,pilote_p2_r100,100,1,0.0,0,100,552,554,572,3001,100,OK:3001,C0_S1_r1,ok
0.175,15.0,0.8,7.0,0.9971469329529244,pilote_p2_r100,17.68270944741533,10001,0.0,392,14.265335235378032,10001,10001,10002,2804,100,CLIENT_TIMEOUT:2404 OK:400,C0_S2_r1,ok
0.69,4.0,0.64,4.0,1.0,pilote_p2_r100,100,1,0.0,0,71.77607464178607,52,55,80,3001,100,OK:2154 PAYMENT_ERROR:847,C0_S3_r1,ok
0.75,4.0,0.86,4.0,1.0,pilote_p2_r100,100,1,0.0,0,29.823392202599138,53,55,82,3001,100,PAYMENT_ERROR:2106 OK:895,C0_S4_r1,ok
0.74,1.0,0.3333333333333333,1.0,0.0,pilote_p2_r100,100,1,0.0,0,0,1,2,3,3001,100,CONNECTION_ERROR:3001,C0_S5a_r1,ok
0.2,21.0,0.6,3.0,1.0178571428571428,pilote_p2_r100,1.7863522686673812,10001,0.0,401,0,10001,10001,10002,2800,100,CLIENT_TIMEOUT:2800,C0_S5b_r1,ok
1.0,50.0,0.78,10.0,1.0175561797752808,pilote_p2_r100,83.29238329238329,10001,0.0,305,81.03932584269663,53,10001,10002,2848,100,OK:2308 CLIENT_TIMEOUT:540,C0_S6_r1,ok
0.77,6.0,0.6666666666666666,5.0,1.0,pilote_p2_r100,100,1,0.0,0,100,52,54,93,3001,100,OK:3001,C1_S0_r1,ok
0.77,29.0,0.6,5.0,1.0,pilote_p2_r100,100,1,0.0,0,100,552,554,576,3001,100,OK:3001,C1_S1_r1,ok
0.71,50.0,0.6545454545454545,6.0,1.0,pilote_p2_r100,100,169,0.0,0,0,1072,1155,1214,3001,100,TIMEOUT:3001,C1_S2_r1,ok
0.67,4.0,0.76,6.0,1.0,pilote_p2_r100,100,1,0.0,0,70.0766411196268,52,55,82,3001,100,OK:2103 PAYMENT_ERROR:898,C1_S3_r1,ok
0.9,4.0,0.86,4.0,1.0,pilote_p2_r100,100,1,0.0,0,30.589803398867044,53,55,82,3001,100,PAYMENT_ERROR:2083 OK:918,C1_S4_r1,ok
0.86,1.0,0.65,1.0,0.0,pilote_p2_r100,100,1,0.0,0,0,1,2,3,3001,100,CONNECTION_ERROR:3001,C1_S5a_r1,ok
0.64,50.0,0.7,8.0,1.0,pilote_p2_r100,100,174,0.0,0,0,1074,1160,1211.0199999999995,3000,100,TIMEOUT:3000,C1_S5b_r1,ok
0.91,50.0,0.76,5.0,1.016661112962346,pilote_p2_r100,100,39,0.0,0,68.34388537154283,52,1038,1079,3001,100,OK:2051 TIMEOUT:950,C1_S6_r1,ok
0.74,5.0,0.74,4.0,1.0,pilote_p2_r100,100,1,0.0,0,100,52,54,74,3001,100,OK:3001,C2_S0_r1,ok
0.64,31.0,0.5272727272727272,5.0,1.0,pilote_p2_r100,100,1,0.0,0,100,552,554,564,3000,100,OK:3000,C2_S1_r1,ok
0.2,19.0,0.5818181818181818,7.0,1.7491972886193363,pilote_p2_r100,8.91583452211127,10001,0.0,393,0,10001,10001,10002,2803,100,CLIENT_TIMEOUT:2652 TIMEOUT:151,C2_S2_r1,ok
0.8,12.0,0.84,8.0,1.3938687104298566,pilote_p2_r100,100,1,0.0,0,97.63412195934688,52,447,541,3001,100,OK:2930 PAYMENT_ERROR:71,C2_S3_r1,ok
0.71,21.0,0.96,10.0,2.1959346884371875,pilote_p2_r100,100,1,0.0,0,65.6114628457181,271,564,621,3001,100,OK:1969 PAYMENT_ERROR:1032,C2_S4_r1,ok
0.83,19.0,0.4666666666666667,1.0,0.0,pilote_p2_r100,100,1,0.0,0,0,298,405,431,3001,100,CONNECTION_ERROR:3001,C2_S5a_r1,ok
0.17,30.0,0.78,9.0,1.7688191223688905,pilote_p2_r100,8.9126559714795,10001,0.0,393,0,10001,10001,10002,2803,100,CLIENT_TIMEOUT:2652 TIMEOUT:151,C2_S5b_r1,ok
0.8555555555555555,50.0,1.0,10.0,1.2264808362369337,pilote_p2_r100,90.36729036729037,10000,0.0,246,82.26480836236934,52,10001,10001,2870,100,OK:2361 CLIENT_TIMEOUT:359 TIMEOUT:150,C2_S6_r1,ok
0.61,4.0,0.58,4.0,1.0,pilote_p2_r100,100,1,0.0,0,100,52,54,69,3001,100,OK:3001,C3_S0_r1,ok
0.89,29.0,0.8,6.0,1.0,pilote_p2_r100,100,1,0.0,0,100,552,554,574.0299999999993,3000,100,OK:3000,C3_S1_r1,ok
0.79,44.0,0.4,4.0,0.02465844718427191,pilote_p2_r100,100,1,87.09677419354838,0,0,1,2,1003,3001,100,CIRCUIT_OPEN:2927 TIMEOUT:74,C3_S2_r1,ok
0.8,4.0,1.0,6.0,0.33088970343218926,pilote_p2_r100,100,1,64.51612903225806,0,23.29223592135955,1,54,73,3001,100,CIRCUIT_OPEN:2008 OK:699 PAYMENT_ERROR:294,C3_S3_r1,ok
0.7,4.0,0.65,4.0,0.025324891702765744,pilote_p2_r100,100,1,93.54838709677419,0,0.9996667777407532,1,2,54,3001,100,CIRCUIT_OPEN:2925 PAYMENT_ERROR:46 OK:30,C3_S4_r1,ok
0.8,4.0,0.5333333333333333,4.0,0.0,pilote_p2_r100,100,1,95.16129032258064,0,0,1,2,3,3000,100,CIRCUIT_OPEN:2975 CONNECTION_ERROR:25,C3_S5a_r1,ok
0.83,37.0,0.58,4.0,0.02465844718427191,pilote_p2_r100,100,1,85.48387096774194,0,0,1,2,1003,3001,100,CIRCUIT_OPEN:2927 TIMEOUT:74,C3_S5b_r1,ok
0.9,35.0,0.5818181818181818,5.0,0.649,pilote_p2_r100,100,1,32.25806451612903,0,62.83333333333333,51,55,1002,3000,100,OK:1885 CIRCUIT_OPEN:1053 TIMEOUT:62,C3_S6_r1,ok
0.93,6.0,0.8,4.0,1.0,pilote_p2_r100,100,1,0.0,0,100,52,54,73,3001,100,OK:3001,C4_S0_r1,ok
0.66,31.0,0.54,4.0,1.0,pilote_p2_r100,100,1,0.0,0,100,552,554,582,3001,100,OK:3001,C4_S1_r1,ok
0.61,47.0,0.5333333333333333,3.0,0.02332555814728424,pilote_p2_r100,100,1,85.48387096774194,0,0,1,2,1122,3001,100,CIRCUIT_OPEN:3001,C4_S2_r1,ok
0.63,9.0,0.6666666666666666,7.0,0.2315894701766078,pilote_p2_r100,100,1,79.03225806451613,0,16.12795734755082,1,159,371,3001,100,CIRCUIT_OPEN:2510 OK:484 PAYMENT_ERROR:7,C4_S3_r1,ok
0.65,11.0,0.43333333333333335,2.0,0.01299566811062979,pilote_p2_r100,100,1,95.16129032258064,0,0.33322225924691773,1,2,53,3001,100,CIRCUIT_OPEN:2991 OK:10,C4_S4_r1,ok
0.51,5.0,0.4666666666666667,1.0,0.0,pilote_p2_r100,100,1,95.16129032258064,0,0,1,2,4,3001,100,CIRCUIT_OPEN:3001,C4_S5a_r1,ok
0.63,50.0,0.5,3.0,0.023666666666666666,pilote_p2_r100,100,1,87.09677419354838,0,0,1,2,1107.0099999999998,3000,100,CIRCUIT_OPEN:3000,C4_S5b_r1,ok
0.66,34.0,0.8888888888888888,4.0,0.648,pilote_p2_r100,100,1,32.25806451612903,0,62.83333333333333,51,54,1111.0099999999998,3000,100,OK:1885 CIRCUIT_OPEN:1115,C4_S6_r1,ok
0.8222222222222222,8.0,1.0,8.0,1.0,pilote_p2_r200,100,1,0.0,0,70.13831028161974,52,62,97,6001,200,OK:4209 PAYMENT_ERROR:1792,C0_S3_r1,ok
0.82,7.0,0.8,7.0,1.0,pilote_p2_r200,100,1,0.0,0,28.995167472087985,52,73,114,6001,200,PAYMENT_ERROR:4261 OK:1740,C0_S4_r1,ok
0.83,11.0,0.7333333333333333,9.0,1.0,pilote_p2_r200,100,1,0.0,0,70.97150474920846,52,56,94,6001,200,OK:4259 PAYMENT_ERROR:1742,C1_S3_r1,ok
0.77,8.0,0.88,7.0,1.0,pilote_p2_r200,100,1,0.0,0,30.36160639893351,52,63,104,6001,200,PAYMENT_ERROR:4179 OK:1822,C1_S4_r1,ok
0.75,20.0,0.96,10.0,1.3886018996833862,pilote_p2_r200,100,1,0.0,0,97.41709715047492,52,447,562,6001,200,OK:5846 PAYMENT_ERROR:155,C2_S3_r1,ok
0.54,50.0,1.0,10.0,2.202021962698274,pilote_p2_r200,100,5493,0.0,479,64.96426703852187,4360,6212.2,6445.64,5737,200,OK:3727 PAYMENT_ERROR:2010,C2_S4_r1,ok
0.79,6.0,0.5,6.0,0.050166666666666665,pilote_p2_r200,100,1,90.47619047619048,0,3.3333333333333335,1,51,54,6000,200,CIRCUIT_OPEN:5699 OK:200 PAYMENT_ERROR:101,C3_S3_r1,ok
0.66,3.0,1.0,6.0,0.009665055824029328,pilote_p2_r200,100,1,95.23809523809524,0,0.26662222962839527,1,1,6,6001,200,CIRCUIT_OPEN:5943 PAYMENT_ERROR:42 OK:16,C3_S4_r1,ok
0.66,17.0,0.78,10.0,0.14297617063822696,pilote_p2_r200,100,1,85.48387096774194,0,10.048325279120146,1,53,252,6001,200,CIRCUIT_OPEN:5393 OK:603 PAYMENT_ERROR:5,C4_S3_r1,ok
0.7,4.0,0.5,6.0,0.01566405599066822,pilote_p2_r200,100,1,95.16129032258064,0,0.4665889018496917,1,2,69,6001,200,CIRCUIT_OPEN:5973 OK:28,C4_S4_r1,ok
